{"cameraMode":{"drawMode":0,"name":"Shaded","section":"Shading Mode"},"sceneLighting":true,"audioPlay":false,"sceneViewState":{"m_AlwaysRefresh":false,"showFog":true,"showSkybox":true,"showFlares":true,"showImageEffects":true,"showParticleSystems":true,"showVisualEffectGraphs":true,"m_FxEnabled":true},"in2DMode":false,"pivot":{"x":0.44069111347198489,"y":1.7883334159851075,"z":0.42206090688705447},"rotation":{"x":0.10627860575914383,"y":-0.01938829943537712,"z":0.0020727012306451799,"w":0.9941453337669373},"size":1.1660256385803223,"orthographic":false}